{
  "train_loss": [
    0.38211167023396814,
    0.28306003801499297,
    0.22741440235681476,
    0.1824950433919067,
    0.1472216899250159,
    0.1067497329663669,
    0.08203840346390787,
    0.05432418800926479,
    0.042531263977323354,
    0.03172451557956741,
    0.17374622471255194,
    0.1380368351280613,
    0.11809328269628415,
    0.09582554049054193,
    0.07894374415855364,
    0.054750139797518686,
    0.04349790456533835,
    0.02705856965411203,
    0.024007845988312602,
    0.018374278727674675,
    0.12263560086571952,
    0.10053214747591346,
    0.07939642989836937,
    0.06848463533405309,
    0.055707995549213976,
    0.0374453387327015,
    0.029958183871557204,
    0.017983548313823493,
    0.015946947963191658,
    0.013530910483007584,
    0.0947429710753314,
    0.07365342965587138,
    0.06279359180606953,
    0.05018884860686257,
    0.042177909305115266,
    0.027793464505119575,
    0.0221507041895993,
    0.020351955186567905,
    0.015633169543090325,
    0.010532849412723
  ],
  "train_acc": [
    0.8372804966197542,
    0.8827756282154854,
    0.9086270674773588,
    0.9263999319698967,
    0.9442153152770101,
    0.9596071261533229,
    0.9718950635656278,
    0.9811641651430758,
    0.9855436030443471,
    0.989030145839534,
    0.9355414771036183,
    0.9481270462179514,
    0.9566308091330413,
    0.9656022790084613,
    0.9716824694927505,
    0.9810791275139249,
    0.9848207831965645,
    0.991198605382882,
    0.9921765381181172,
    0.9941324035885879,
    0.9556103575832305,
    0.9610952846634636,
    0.9723627705259578,
    0.9758493133211446,
    0.980143713593265,
    0.9872443556273651,
    0.9898380033164675,
    0.9940048471448616,
    0.9944725541051915,
    0.995833156171606,
    0.9667928058165738,
    0.9738934478506739,
    0.9781453293082188,
    0.9824822483949147,
    0.9854160466006208,
    0.991113567753731,
    0.9928993579658999,
    0.9937072154428335,
    0.9952804115821251,
    0.9966835324631149
  ],
  "train_auc": [
    0.9132206088490332,
    0.9525221092774214,
    0.9692767061327464,
    0.9801229793303493,
    0.9869277107475357,
    0.9930361850497491,
    0.9957176815789671,
    0.9980813943061704,
    0.998801012453625,
    0.9993080781083589,
    0.9823203337377132,
    0.9884470745522462,
    0.9915200356016205,
    0.99429119423941,
    0.9960085609632917,
    0.9980528628238438,
    0.9988328486850135,
    0.9994938671956579,
    0.9996164827866686,
    0.9997798400761785,
    0.991083747258577,
    0.9938963164992164,
    0.9959079360547689,
    0.9970488482407166,
    0.9980262187364953,
    0.9990124223854012,
    0.9993905558226354,
    0.9997937315924754,
    0.9998485672864265,
    0.9998764154016058,
    0.994584695005649,
    0.9966298067828204,
    0.9973809032074433,
    0.9982773652023953,
    0.9987863471777009,
    0.9994331740690152,
    0.9997040152484159,
    0.9997203328988709,
    0.9998090766198477,
    0.9999245475892543
  ],
  "train_f1": [
    0.839437801552339,
    0.8830143845207281,
    0.9087047028335953,
    0.9263435598485171,
    0.944022527519413,
    0.9594640723672981,
    0.9718255828822301,
    0.981143319286596,
    0.9855183576113808,
    0.9890147321808737,
    0.9354289121730982,
    0.9480320327142614,
    0.9565476697622902,
    0.9655817911082748,
    0.9716426807459764,
    0.9810485073037776,
    0.9848143264281765,
    0.9911926137088882,
    0.9921748745428256,
    0.994133151942862,
    0.9556235654169855,
    0.9610952846634636,
    0.9723521905572097,
    0.9758236145398825,
    0.9801183532717442,
    0.9872242568776084,
    0.9898293544406145,
    0.9940053569150972,
    0.9944699676705803,
    0.995835104122397,
    0.9667701995489938,
    0.9739078701342853,
    0.9781332425763635,
    0.9824740513867619,
    0.9854086016931127,
    0.9911128120083343,
    0.9928963375728445,
    0.9937037352165404,
    0.9952788056654333,
    0.9966836734693878
  ],
  "val_loss": [
    0.18132500702308285,
    0.16169202921113798,
    0.1442569702556948,
    0.12941716673103945,
    0.08500429038549699,
    0.09639607221978376,
    0.041190570917988514,
    0.046417245899589496,
    0.05165977358174421,
    0.04600236219654136,
    0.07041273060077358,
    0.09714749113009598,
    0.0666357056897906,
    0.04980168686144882,
    0.06502752523891912,
    0.03845031914190316,
    0.04758494620781142,
    0.04005342974480213,
    0.04203281797284194,
    0.03839217309548783,
    0.06676813662717385,
    0.06474689063789334,
    0.0782184933301612,
    0.05952982503322779,
    0.059696432942626644,
    0.07550310800300408,
    0.036087866405332965,
    0.049093665357874836,
    0.041348798622550656,
    0.03942798121274674,
    0.0801438371284767,
    0.13549066258169154,
    0.20889468710044481,
    0.05553338142197044,
    0.04784085451862507,
    0.03669157402230609,
    0.04944136960209237,
    0.05116212433986076,
    0.04659837678348627,
    0.06634925327708942
  ],
  "val_acc": [
    0.927168088906529,
    0.9378845008930343,
    0.9454256796983529,
    0.9489978170271879,
    0.9686445723357809,
    0.9694383806310776,
    0.9878944234967255,
    0.9878944234967255,
    0.9886882317920223,
    0.9896804921611431,
    0.9751934907719786,
    0.9696368327049018,
    0.979162532248462,
    0.9819408612820004,
    0.9797578884699345,
    0.9902758483826156,
    0.9867037110537805,
    0.9902758483826156,
    0.9902758483826156,
    0.9914665608255606,
    0.9783687239531653,
    0.9801547926175829,
    0.9777733677316928,
    0.9853145465370113,
    0.9847191903155388,
    0.9863068069061321,
    0.9886882317920223,
    0.9892835880134947,
    0.9900773963087914,
    0.990672752530264,
    0.9728120658860885,
    0.9785671760269895,
    0.9825362175034729,
    0.9851160944631872,
    0.9857114506846597,
    0.9912681087517364,
    0.9890851359396706,
    0.9914665608255606,
    0.9910696566779122,
    0.9912681087517364
  ],
  "val_auc": [
    0.9800931964687423,
    0.9850921882581269,
    0.9905508610748784,
    0.9899223047694663,
    0.9947313118710499,
    0.9935474520627359,
    0.9985245467778219,
    0.9986291486291486,
    0.9980264277207509,
    0.9984864238139348,
    0.9970216828295431,
    0.9940627422068469,
    0.997501843135031,
    0.998395212259841,
    0.9969542587446517,
    0.9986455320516455,
    0.997446864149921,
    0.9984475131855045,
    0.9986346622809507,
    0.998842605720335,
    0.9973025640056208,
    0.9970219978953603,
    0.9951079730555714,
    0.9984629514105496,
    0.9979079629734652,
    0.9972650711733682,
    0.9991631851893861,
    0.9983107746208183,
    0.999002501622589,
    0.9993303276054368,
    0.9980954271347284,
    0.9961482416176739,
    0.9947444658689202,
    0.9985510123064707,
    0.9979112711645464,
    0.9991907534483954,
    0.9981620635550766,
    0.9983049459031992,
    0.9985062729604214,
    0.9980067361071728
  ],
  "val_f1": [
    0.9271102284011916,
    0.9362135724475239,
    0.9428630791606067,
    0.9489370156964038,
    0.9684378745505393,
    0.9690390028146361,
    0.9877780004007213,
    0.9877877877877878,
    0.9886386286625474,
    0.9896373056994818,
    0.974793305101835,
    0.9694183489906056,
    0.9791376912378303,
    0.9817525566472829,
    0.9794603302456706,
    0.9902058764741155,
    0.9866772718234241,
    0.9902058764741155,
    0.9902058764741155,
    0.9914120231675654,
    0.9779842456069481,
    0.9802994483845547,
    0.977428456267634,
    0.9851046698872786,
    0.9845907544526716,
    0.9862027594481104,
    0.9886340977068794,
    0.9892215568862276,
    0.9900358708648864,
    0.9906318517042056,
    0.9721374822045963,
    0.9782170229931424,
    0.9823151125401929,
    0.9849306811332128,
    0.985663082437276,
    0.9912140575079872,
    0.9890329012961117,
    0.9914120231675654,
    0.9910053967619429,
    0.991203518592563
  ],