{
  "train_loss": [
    0.45076461153351555,
    0.37716201100855656,
    0.3617563878088237,
    0.32946152500297926,
    0.271576675105857,
    0.23078722314543376,
    0.2063860018231553,
    0.18904837265134403,
    0.16762774175279624,
    0.14444191917589946,
    0.20905296415192623,
    0.17067962139844894,
    0.1380528813317316,
    0.11045560341957769,
    0.08378718957968362,
    0.06904748605019902,
    0.047883333077762685,
    0.03637252534119323,
    0.03250414133570253,
    0.022378088902088294,
    0.10648809971641876,
    0.10736131072299529,
    0.0863630893774709,
    0.06488241066786218,
    0.056030879571149335,
    0.03994439741754458,
    0.02813057645645841,
    0.02126964798154491,
    0.01961993728771,
    0.015769754232072348,
    0.07944388164758319,
    0.08668023138838611,
    0.0660894136247544,
    0.05091945713967485,
    0.03951831138314048
  ],
  "train_acc": [
    0.7864133152368026,
    0.8327023358811344,
    0.8404886063290234,
    0.8580612900921495,
    0.8854203871705122,
    0.903064504607472,
    0.9164940352882349,
    0.9245660404314594,
    0.9350667904850346,
    0.944567469104936,
    0.9204228873490964,
    0.93535252518037,
    0.9504964640331452,
    0.9608543467390528,
    0.9712836631187942,
    0.9777126937638403,
    0.9844274591042217,
    0.9887134795342525,
    0.9894278162725909,
    0.9927851989427816,
    0.9639974283877419,
    0.9659261375812558,
    0.9702835916851204,
    0.9783555968283448,
    0.9825701835845417,
    0.9863561682977355,
    0.9905707550539324,
    0.99349953568112,
    0.9937852703764555,
    0.9957139795699693,
    0.9747839131366526,
    0.970926494749625,
    0.9777841274376741,
    0.9841417244088864,
    0.9881420101435817
  ],
  "train_auc": [
    0.8705544873757476,
    0.9119432061723103,
    0.9198318025023983,
    0.9341460514767416,
    0.9554976323148205,
    0.9679457575572021,
    0.9742926744636987,
    0.9782431775967996,
    0.9827642112138468,
    0.9870839405629377,
    0.9736641969260915,
    0.9819601269569123,
    0.9878913824423898,
    0.9920854815994122,
    0.9952158267507604,
    0.9963501928846978,
    0.9982609760578041,
    0.9987610679076603,
    0.999153062682424,
    0.9994958769620149,
    0.9922665993101055,
    0.9918064009144163,
    0.994892933684404,
    0.9968818606739739,
    0.9976042393811361,
    0.9988442940828282,
    0.9993651848223215,
    0.9996483987508419,
    0.9996849958157289,
    0.9996324372869594,
    0.9956703508664502,
    0.9947190210846447,
    0.9970130426795666,
    0.9977674667809686,
    0.9985728165248098
  ],
  "train_f1": [
    0.7908213236322933,
    0.835902466367713,
    0.8433751841200814,
    0.8582840025675772,
    0.8854449364376518,
    0.9030783515463181,
    0.9165178890237806,
    0.9247005134055905,
    0.9350110817187388,
    0.9445555873106601,
    0.9206778695528339,
    0.9357198664677889,
    0.950254827363434,
    0.96072810663609,
    0.9712281706269682,
    0.9777365491651205,
    0.9844485661292623,
    0.9887223411848679,
    0.9894255501571878,
    0.9927893196259013,
    0.9639794168096055,
    0.9659358708848104,
    0.9702432045779685,
    0.9783617796186531,
    0.9825589706933524,
    0.9863639608767045,
    0.9905781584582442,
    0.9935041758869299,
    0.9937826055885085,
    0.995717956037682,
    0.9748091058303004,
    0.9710382124813207,
    0.9777587070013588,
    0.9841383252357816,
    0.9881580824654016
  ],
  "val_loss": [
    0.3664725232631602,
    0.2973573325162238,
    0.2906145692822781,
    0.1955406601203883,
    0.14861567857417654,
    0.16607559345504072,
    0.11521697455541567,
    0.11528125658452987,
    0.0873534389712075,
    0.0779519152599684,
    0.10231488231728052,
    0.09673408888022791,
    0.08987008753985642,
    0.044431467091000855,
    0.05586232085145039,
    0.049812416956596516,
    0.0490584791070742,
    0.04218392440723503,
    0.03539641332277592,
    0.03919305280083171,
    0.06271602031948204,
    0.058917606092167105,
    0.05329471798564129,
    0.05803445019471915,
    0.03309086174146827,
    0.08641190576259335,
    0.04515677977647004,
    0.0376113726592945,
    0.03382488962591758,
    0.03712077003765831,
    0.067770612723952,
    0.07259308320824354,
    0.055901814021784416,
    0.04808394793369015,
    0.04564136998422018
  ],
  "val_acc": [
    0.8256666666666667,
    0.8663333333333333,
    0.8746666666666667,
    0.9203333333333333,
    0.9416666666666667,
    0.9346666666666666,
    0.9553333333333334,
    0.9543333333333334,
    0.967,
    0.9703333333333334,
    0.964,
    0.9686666666666667,
    0.9696666666666667,
    0.985,
    0.98,
    0.9846666666666667,
    0.9856666666666667,
    0.99,
    0.9916666666666667,
    0.9906666666666667,
    0.98,
    0.98,
    0.983,
    0.982,
    0.9896666666666667,
    0.9756666666666667,
    0.9866666666666667,
    0.9913333333333333,
    0.9913333333333333,
    0.9913333333333333,
    0.9816666666666667,
    0.98,
    0.985,
    0.9863333333333333,
    0.9893333333333333
  ],
  "val_auc": [
    0.9331746666666667,
    0.9491235555555556,
    0.9594248888888889,
    0.9771297777777779,
    0.9874093333333334,
    0.9878022222222222,
    0.9913719999999999,
    0.9926235555555556,
    0.9954017777777778,
    0.9960706666666667,
    0.9932364444444445,
    0.9942208888888888,
    0.9948537777777778,
    0.9985551111111111,
    0.9984106666666667,
    0.9989746666666666,
    0.9993502222222223,
    0.9989635555555556,
    0.9993226666666666,
    0.9995284444444444,
    0.9973422222222221,
    0.997716888888889,
    0.9983293333333334,
    0.998183111111111,
    0.9995586666666667,
    0.997048,
    0.9994515555555555,
    0.9992488888888889,
    0.9993782222222222,
    0.9993617777777778,
    0.9970462222222222,
    0.9969795555555555,
    0.9974271111111112,
    0.9976311111111111,
    0.9987013333333333
  ],
  "val_f1": [
    0.8439271859146523,
    0.8733817492895485,
    0.8829389788293898,
    0.9212520593080725,
    0.9415302372201804,
    0.9367333763718528,
    0.9550033579583613,
    0.955008210180624,
    0.9671423830069698,
    0.9704023944130362,
    0.9635381498987171,
    0.968915343915344,
    0.9695957233544938,
    0.9849548645937813,
    0.97968855788761,
    0.9844594594594595,
    0.9854778790949004,
    0.9899125756556826,
    0.9916022841787034,
    0.9905913978494624,
    0.9797434166103984,
    0.9797297297297297,
    0.9828340626051835,
    0.9819034852546917,
    0.9895798319327731,
    0.9755771160923385,
    0.9865229110512129,
    0.991275167785235,
    0.991275167785235,
    0.9912693082605776,
    0.9814377320283496,
    0.9797434166103984,
    0.9849043944984904,
    0.9862646566164154,
    0.9892545332437878
  ],
  "learning_rates": [
    0.001,
    0.0009757729755661011,
    0.000905463412215599,
    0.0007959536998847742,
    0.000657963412215599,
    0.000505,
    0.0003520365877844011,
    0.00021404630011522585,
    0.00010453658778440107,
    3.4227024433899005e-05,
    0.001,
    0.0009757729755661011,
    0.000905463412215599,
    0.0007959536998847742,
    0.000657963412215599,
    0.000505,
    0.0003520365877844011,
    0.00021404630011522585,
    0.00010453658778440107,
    3.4227024433899005e-05,
    0.001,
    0.0009757729755661011,
    0.000905463412215599,
    0.0007959536998847742,
    0.000657963412215599,
    0.000505,
    0.0003520365877844011,
    0.00021404630011522585,
    0.00010453658778440107,
    3.4227024433899005e-05,
    0.001,
    0.0009757729755661011,
    0.000905463412215599,
    0.0007959536998847742,
    0.000657963412215599
  ]
}